{"count":1,"self":161.9892736,"total":163.3992643,"children":{"InitializeActuators":{"count":1,"self":0.0015129,"total":0.0015129,"children":null},"InitializeSensors":{"count":1,"self":0.0015096999999999999,"total":0.0015096999999999999,"children":null},"AgentSendState":{"count":27275,"self":0.146806,"total":0.1939167,"children":{"CollectObservations":{"count":2728,"self":0.014467899999999999,"total":0.014467899999999999,"children":null},"WriteActionMask":{"count":2728,"self":0.0067998999999999993,"total":0.0067998999999999993,"children":null},"RequestDecision":{"count":2728,"self":0.0258429,"total":0.0258429,"children":null}}},"DecideAction":{"count":27275,"self":0.95183529999999994,"total":0.95183529999999994,"children":null},"AgentAct":{"count":27275,"self":0.2612124,"total":0.2612124,"children":null}},"gauges":{"2DAgent.CumulativeReward":{"count":38,"max":0.802465856,"min":-0.4891607,"runningAverage":0.5139628,"value":-0.47140947,"weightedAverage":0.3456307}},"metadata":{"timer_format_version":"0.1.0","start_time_seconds":"1754041506","unity_version":"6000.0.37f1","command_line_arguments":"C:\\Program Files\\Unity\\Hub\\Editor\\6000.0.37f1\\Editor\\Unity.exe -projectpath C:\\Users\\Mart9\\Workspace\\SMARC\\SMARC-RL -useHub -hubIPC -cloudEnvironment production","communication_protocol_version":"1.5.0","com.unity.ml-agents_version":"3.0.0","scene_name":"2DTest","end_time_seconds":"1754041670"}}