{"count":1,"self":44.7786336,"total":44.857957899999995,"children":{"InitializeActuators":{"count":1,"self":0.0010052,"total":0.0010052,"children":null},"InitializeSensors":{"count":1,"self":0.0015183999999999998,"total":0.0015183999999999998,"children":null},"AgentSendState":{"count":1974,"self":0.0252213,"total":0.029472699999999998,"children":{"CollectObservations":{"count":198,"self":0.0010095,"total":0.0010095,"children":null},"WriteActionMask":{"count":198,"self":0.00052129999999999993,"total":0.00052129999999999993,"children":null},"RequestDecision":{"count":198,"self":0.0027205999999999997,"total":0.0027205999999999997,"children":null}}},"DecideAction":{"count":1974,"self":0.0217364,"total":0.0217364,"children":null},"AgentAct":{"count":1974,"self":0.024585299999999997,"total":0.024585299999999997,"children":null}},"gauges":{"2DAgent.CumulativeReward":{"count":5,"max":0.25,"min":-0.9,"runningAverage":-0.669999957,"value":0.25,"weightedAverage":-0.612499952}},"metadata":{"timer_format_version":"0.1.0","start_time_seconds":"1753090602","unity_version":"6000.0.37f1","command_line_arguments":"C:\\Program Files\\Unity\\Hub\\Editor\\6000.0.37f1\\Editor\\Unity.exe -projectpath C:\\Users\\Mart9\\Workspace\\SMARC\\SAM-RL -useHub -hubIPC -cloudEnvironment production","communication_protocol_version":"1.5.0","com.unity.ml-agents_version":"3.0.0","scene_name":"2DTest","end_time_seconds":"1753090647"}}