{"count":1,"self":63.798476799999996,"total":63.966863999999994,"children":{"InitializeActuators":{"count":1,"self":0.0015153,"total":0.0015153,"children":null},"InitializeSensors":{"count":1,"self":0.0005023,"total":0.0005023,"children":null},"AgentSendState":{"count":2950,"self":0.0207672,"total":0.0308697,"children":{"CollectObservations":{"count":295,"self":0.00099969999999999985,"total":0.00099969999999999985,"children":null},"WriteActionMask":{"count":295,"self":0.0005032,"total":0.0005032,"children":null},"RequestDecision":{"count":295,"self":0.0085995999999999989,"total":0.0085995999999999989,"children":null}}},"DecideAction":{"count":2950,"self":0.10690749999999999,"total":0.10690749999999999,"children":null},"AgentAct":{"count":2950,"self":0.0280914,"total":0.0280914,"children":null}},"gauges":{"2DAgent.CumulativeReward":{"count":2,"max":0.555170238,"min":-0.4392758,"runningAverage":0.05794722,"value":0.555170238,"weightedAverage":-0.190664291}},"metadata":{"timer_format_version":"0.1.0","start_time_seconds":"1753429568","unity_version":"6000.0.37f1","command_line_arguments":"C:\\Program Files\\Unity\\Hub\\Editor\\6000.0.37f1\\Editor\\Unity.exe -projectpath C:\\Users\\Mart9\\Workspace\\SMARC\\SMARC-RL -useHub -hubIPC -cloudEnvironment production","communication_protocol_version":"1.5.0","com.unity.ml-agents_version":"3.0.0","scene_name":"2DTest","end_time_seconds":"1753429632"}}