{"count":1,"self":14.6637984,"total":14.791799399999999,"children":{"InitializeActuators":{"count":1,"self":0,"total":0,"children":null},"InitializeSensors":{"count":1,"self":0.0010050999999999999,"total":0.0010050999999999999,"children":null},"AgentSendState":{"count":489,"self":0.0050089999999999996,"total":0.0075106999999999995,"children":{"CollectObservations":{"count":49,"self":0.00050369999999999994,"total":0.00050369999999999994,"children":null},"WriteActionMask":{"count":49,"self":0,"total":0,"children":null},"RequestDecision":{"count":49,"self":0.0019979999999999998,"total":0.0019979999999999998,"children":null}}},"DecideAction":{"count":489,"self":0.0066092999999999994,"total":0.0066092999999999994,"children":null},"AgentAct":{"count":489,"self":0.1128766,"total":0.1128766,"children":null}},"gauges":{"2DAgent.CumulativeReward":{"count":1,"max":-0.2902793,"min":-0.2902793,"runningAverage":-0.2902793,"value":-0.2902793,"weightedAverage":-0.2902793}},"metadata":{"timer_format_version":"0.1.0","start_time_seconds":"1753269459","unity_version":"6000.0.37f1","command_line_arguments":"C:\\Program Files\\Unity\\Hub\\Editor\\6000.0.37f1\\Editor\\Unity.exe -projectpath C:\\Users\\Mart9\\Workspace\\SMARC\\SMARC-RL -useHub -hubIPC -cloudEnvironment production","communication_protocol_version":"1.5.0","com.unity.ml-agents_version":"3.0.0","scene_name":"2DTrain","end_time_seconds":"1753269474"}}