{"count":1,"self":599.5431424,"total":631.33751869999992,"children":{"InitializeActuators":{"count":99,"self":0.0067694999999999995,"total":0.0067694999999999995,"children":null},"InitializeSensors":{"count":99,"self":0.0015601999999999999,"total":0.0015601999999999999,"children":null},"AgentSendState":{"count":29881,"self":3.2271916,"total":6.8727341,"children":{"CollectObservations":{"count":295829,"self":1.9179667999999999,"total":1.9179669,"children":null},"WriteActionMask":{"count":295829,"self":0.6471047,"total":0.6471047,"children":null},"RequestDecision":{"count":295829,"self":1.0804707999999998,"total":1.0804707999999998,"children":null}}},"DecideAction":{"count":29881,"self":5.7960607999999993,"total":5.7960607,"children":null},"AgentAct":{"count":29881,"self":19.116136,"total":19.1161361,"children":null}},"gauges":{"SAMSimple.CumulativeReward":{"count":495,"max":-0.149814412,"min":-0.499970615,"runningAverage":-0.489251167,"value":-0.4877851,"weightedAverage":-0.494888932}},"metadata":{"timer_format_version":"0.1.0","start_time_seconds":"1745398302","unity_version":"6000.0.37f1","command_line_arguments":"C:\\Program Files\\Unity\\Hub\\Editor\\6000.0.37f1\\Editor\\Unity.exe -projectpath C:\\Users\\Mart9\\Workspace\\SMARC\\SAM-RL -useHub -hubIPC -cloudEnvironment production","communication_protocol_version":"1.5.0","com.unity.ml-agents_version":"3.0.0","scene_name":"GeneralMoveTrainingScene","end_time_seconds":"1745398933"}}